id,title,genre,year,created_at,updated_at,version,processing_status
1,Tötet nicht mehr,Action,2019,2025-11-21T02:06:47.584989+00:00,2025-11-21T02:06:47.584989+00:00,b12e3c84,COMPLETED
2,The Tango of the Widower and Its Distorting Mirror,Drama,2020,2025-11-21T02:06:47.584989+00:00,2025-11-21T02:06:47.584989+00:00,26a62e31,COMPLETED
3,The Other Side of the Wind,Drama,2018,2025-11-21T02:06:47.584989+00:00,2025-11-21T02:06:47.584989+00:00,7224f1b2,COMPLETED
4,Socialist Realism,Drama,2023,2025-11-21T02:06:47.584989+00:00,2025-11-21T02:06:47.584989+00:00,ea978d39,COMPLETED
5,Histórias de Combóios em Portugal,Documentary,2022,2025-11-21T02:06:47.584989+00:00,2025-11-21T02:06:47.584989+00:00,be7f8517,COMPLETED
6,Grizzly II: Revenge,Horror,2020,2025-11-21T02:06:47.584989+00:00,2025-11-21T02:06:47.584989+00:00,bf550fe1,COMPLETED
7,Loading Ludwig,Unknown,2022,2025-11-21T02:06:47.584989+00:00,2025-11-21T02:06:47.584989+00:00,46a51c70,COMPLETED
8,The Wandering Soap Opera,Comedy,2017,2025-11-21T02:06:47.584989+00:00,2025-11-21T02:06:47.584989+00:00,98ccb3fd,COMPLETED
9,A Thin Life,Comedy,2018,2025-11-21T02:06:47.584989+00:00,2025-11-21T02:06:47.584989+00:00,61d43f8e,COMPLETED
10,Vazir,Action,2015,2025-11-21T02:06:47.584989+00:00,2025-11-21T02:06:47.584989+00:00,202a1d88,COMPLETED
11,Bigfoot,Horror,2017,2025-11-21T02:06:47.584989+00:00,2025-11-21T02:06:47.584989+00:00,dcf0449b,COMPLETED
12,Mariette in Ecstasy,Drama,2019,2025-11-21T02:06:47.584989+00:00,2025-11-21T02:06:47.584989+00:00,a06cdf6c,COMPLETED
13,The Surgeon of the Rusty Knife,Biography,2022,2025-11-21T02:06:47.584989+00:00,2025-11-21T02:06:47.584989+00:00,01999dd9,COMPLETED
14,Joe Finds Grace,Adventure,2017,2025-11-21T02:06:47.584989+00:00,2025-11-21T02:06:47.584989+00:00,43becf0a,COMPLETED
15,Housesitter: The Night They Saved Siegfried's Brain,Unknown,2018,2025-11-21T02:06:47.584989+00:00,2025-11-21T02:06:47.584989+00:00,7752675f,COMPLETED
16,Shyamchi Aai,Drama,2025,2025-11-21T02:06:47.584989+00:00,2025-11-21T02:06:47.584989+00:00,b0011d0c,COMPLETED
17,Nine Ball,Drama,2023,2025-11-21T02:06:47.584989+00:00,2025-11-21T02:06:47.584989+00:00,4b28ae38,COMPLETED
18,Sul 45° parallelo,Documentary,2022,2025-11-21T02:06:47.584989+00:00,2025-11-21T02:06:47.584989+00:00,8ac581a4,COMPLETED
19,Blood Type,Comedy,2018,2025-11-21T02:06:47.584989+00:00,2025-11-21T02:06:47.584989+00:00,7563482c,COMPLETED
20,Heartland of Darkness,Horror,2022,2025-11-21T02:06:47.584989+00:00,2025-11-21T02:06:47.584989+00:00,8a0a1a40,COMPLETED
21,Heaven & Hell,Drama,2018,2025-11-21T02:06:47.584989+00:00,2025-11-21T02:06:47.584989+00:00,687e29b8,COMPLETED
22,Mysteries,Unknown,2019,2025-11-21T02:06:47.584989+00:00,2025-11-21T02:06:47.584989+00:00,ba178a36,COMPLETED
23,Superboy & Supergirl & 7 Monster,Unknown,2022,2025-11-21T02:06:47.584989+00:00,2025-11-21T02:06:47.584989+00:00,a6c6704b,COMPLETED
24,The Perfect Shadow,Drama,2024,2025-11-21T02:06:47.584989+00:00,2025-11-21T02:06:47.584989+00:00,efadd3cb,COMPLETED
25,Black Star: Autobiography of a Close Friend,Documentary,2022,2025-11-21T02:06:47.584989+00:00,2025-11-21T02:06:47.584989+00:00,4fc72591,COMPLETED
26,In the Land of the Blind,Unknown,2024,2025-11-21T02:06:47.584989+00:00,2025-11-21T02:06:47.584989+00:00,1c91baa6,COMPLETED
27,Mugen ryûkyû tsuru Henrî,Drama,2021,2025-11-21T02:06:47.584989+00:00,2025-11-21T02:06:47.584989+00:00,a4b9114b,COMPLETED
28,Radha Krishna,Drama,2020,2025-11-21T02:06:47.584989+00:00,2025-11-21T02:06:47.584989+00:00,9865fa44,COMPLETED
29,The Curse,Drama,2021,2025-11-21T02:06:47.584989+00:00,2025-11-21T02:06:47.584989+00:00,2c9a4628,COMPLETED
30,Dongalunnaru Jagratha,Unknown,2017,2025-11-21T02:06:47.584989+00:00,2025-11-21T02:06:47.584989+00:00,d1a3549c,COMPLETED
31,Les mains au dos,Unknown,2016,2025-11-21T02:06:47.584989+00:00,2025-11-21T02:06:47.584989+00:00,2e8011ce,COMPLETED
32,Travel Daze,Unknown,2019,2025-11-21T02:06:47.584989+00:00,2025-11-21T02:06:47.584989+00:00,86df31b1,COMPLETED
33,Short Time Heroes,Sci-Fi,2015,2025-11-21T02:06:47.584989+00:00,2025-11-21T02:06:47.584989+00:00,35bf2516,COMPLETED
34,Universal Groove,Drama,2024,2025-11-21T02:06:47.584989+00:00,2025-11-21T02:06:47.584989+00:00,5424286f,COMPLETED
35,Mortal Kombat,Action,2021,2025-11-21T02:06:47.584989+00:00,2025-11-21T02:06:47.584989+00:00,036cb3f0,COMPLETED
36,"Pit Bull: A Tale of Lust, Murder and Revenge",Unknown,2020,2025-11-21T02:06:47.584989+00:00,2025-11-21T02:06:47.584989+00:00,c0f9f90a,COMPLETED
37,Snowblind,Crime,2015,2025-11-21T02:06:47.584989+00:00,2025-11-21T02:06:47.584989+00:00,5da601dc,COMPLETED
38,Mathru Devo Bhava,Drama,2015,2025-11-21T02:06:47.584989+00:00,2025-11-21T02:06:47.584989+00:00,37606c3b,COMPLETED
39,Les bâtisseurs,Documentary,2016,2025-11-21T02:06:47.584989+00:00,2025-11-21T02:06:47.584989+00:00,79d789ea,COMPLETED
40,Wazir,Action,2016,2025-11-21T02:06:47.584989+00:00,2025-11-21T02:06:47.584989+00:00,c1cfbe89,COMPLETED
41,The Killer's Game,Action,2024,2025-11-21T02:06:47.584989+00:00,2025-11-21T02:06:47.584989+00:00,ee0f2622,COMPLETED
42,Bunyan and Babe,Adventure,2017,2025-11-21T02:06:47.584989+00:00,2025-11-21T02:06:47.584989+00:00,374aa663,COMPLETED
43,Ashima,Musical,2025,2025-11-21T02:06:47.584989+00:00,2025-11-21T02:06:47.584989+00:00,a93300c5,COMPLETED
44,Medieval Sex,Unknown,2019,2025-11-21T02:06:47.584989+00:00,2025-11-21T02:06:47.584989+00:00,719663d6,COMPLETED
45,Chatô - The King of Brazil,Biography,2016,2025-11-21T02:06:47.584989+00:00,2025-11-21T02:06:47.584989+00:00,89b5c829,COMPLETED
46,The Evil Within,Horror,2017,2025-11-21T02:06:47.584989+00:00,2025-11-21T02:06:47.584989+00:00,b3139e16,COMPLETED
47,Transeúntes,Comedy,2015,2025-11-21T02:06:47.584989+00:00,2025-11-21T02:06:47.584989+00:00,ace045e8,COMPLETED
48,Zamaanat: And Justice for All,Drama,2025,2025-11-21T02:06:47.584989+00:00,2025-11-21T02:06:47.584989+00:00,8e020401,COMPLETED
49,I giganti del cielo,Documentary,2024,2025-11-21T02:06:47.584989+00:00,2025-11-21T02:06:47.584989+00:00,4ca192b6,COMPLETED
50,Sanatta: The Silence,Unknown,2025,2025-11-21T02:06:47.584989+00:00,2025-11-21T02:06:47.584989+00:00,a784ca16,COMPLETED
51,Fahrenheit 451,Drama,2018,2025-11-21T02:06:47.584989+00:00,2025-11-21T02:06:47.584989+00:00,d4815bd0,COMPLETED
52,Aman Ke Farishtey,Action,2016,2025-11-21T02:06:47.584989+00:00,2025-11-21T02:06:47.584989+00:00,73c7f9ca,COMPLETED
53,Nappily Ever After,Comedy,2018,2025-11-21T02:06:47.584989+00:00,2025-11-21T02:06:47.584989+00:00,317bf40d,COMPLETED
54,The Promise of Perfume,Documentary,2024,2025-11-21T02:06:47.584989+00:00,2025-11-21T02:06:47.584989+00:00,03cddd1b,COMPLETED
55,Jurassic World,Action,2015,2025-11-21T02:06:47.584989+00:00,2025-11-21T02:06:47.584989+00:00,5669c9f4,COMPLETED
56,Den yderste frekvens,Unknown,2017,2025-11-21T02:06:47.584989+00:00,2025-11-21T02:06:47.584989+00:00,435e8760,COMPLETED
57,American Pastoral,Crime,2016,2025-11-21T02:06:47.584989+00:00,2025-11-21T02:06:47.584989+00:00,afec9a67,COMPLETED
58,Motherless Brooklyn,Crime,2019,2025-11-21T02:06:47.584989+00:00,2025-11-21T02:06:47.584989+00:00,c0d3f1f1,COMPLETED
59,1990 Kaliyuga Vishwamitra,Unknown,2015,2025-11-21T02:06:47.584989+00:00,2025-11-21T02:06:47.584989+00:00,21539846,COMPLETED
60,The Stanford Prison Experiment,Biography,2015,2025-11-21T02:06:47.584989+00:00,2025-11-21T02:06:47.584989+00:00,dfe3998f,COMPLETED
61,Masters of the Universe,Action,2026,2025-11-21T02:06:47.584989+00:00,2025-11-21T02:06:47.584989+00:00,fd082986,COMPLETED
62,A Million Little Pieces,Drama,2018,2025-11-21T02:06:47.584989+00:00,2025-11-21T02:06:47.584989+00:00,f773762a,COMPLETED
63,Alita: Battle Angel,Action,2019,2025-11-21T02:06:47.584989+00:00,2025-11-21T02:06:47.584989+00:00,f3ab4035,COMPLETED
64,About Face: The Story of the Jewish Refugee Soldiers of World War II,Documentary,2020,2025-11-21T02:06:47.584989+00:00,2025-11-21T02:06:47.584989+00:00,4013847e,COMPLETED
65,The Flash,Action,2023,2025-11-21T02:06:47.584989+00:00,2025-11-21T02:06:47.584989+00:00,e80b2f78,COMPLETED
66,Danger Close,Action,2019,2025-11-21T02:06:47.584989+00:00,2025-11-21T02:06:47.584989+00:00,10465f3c,COMPLETED
67,The History of Love,Drama,2016,2025-11-21T02:06:47.584989+00:00,2025-11-21T02:06:47.584989+00:00,32e91a56,COMPLETED
68,Surviving in L.A.,Comedy,2020,2025-11-21T02:06:47.584989+00:00,2025-11-21T02:06:47.584989+00:00,ec082e00,COMPLETED
69,Shazam!,Action,2019,2025-11-21T02:06:47.584989+00:00,2025-11-21T02:06:47.584989+00:00,6f469fe6,COMPLETED
70,Clawed,Horror,2017,2025-11-21T02:06:47.584989+00:00,2025-11-21T02:06:47.584989+00:00,5d0955d6,COMPLETED
71,Nefarious,Crime,2024,2025-11-21T02:06:47.584989+00:00,2025-11-21T02:06:47.584989+00:00,b89345d0,COMPLETED
72,Wonder Woman,Action,2017,2025-11-21T02:06:47.584989+00:00,2025-11-21T02:06:47.584989+00:00,1ed16f7a,COMPLETED
73,On Moral Grounds,Documentary,2024,2025-11-21T02:06:47.584989+00:00,2025-11-21T02:06:47.584989+00:00,48f10814,COMPLETED
74,The Only Living Boy in New York,Drama,2017,2025-11-21T02:06:47.584989+00:00,2025-11-21T02:06:47.584989+00:00,44e0027f,COMPLETED
75,High-Rise,Drama,2015,2025-11-21T02:06:47.584989+00:00,2025-11-21T02:06:47.584989+00:00,ad39ba50,COMPLETED
76,Jackpot,Unknown,2015,2025-11-21T02:06:47.584989+00:00,2025-11-21T02:06:47.584989+00:00,a7e67579,COMPLETED
77,"Hot Country, Cold Winter",Drama,2016,2025-11-21T02:06:47.584989+00:00,2025-11-21T02:06:47.584989+00:00,2ecf42b0,COMPLETED
78,Ten Tricks,Comedy,2022,2025-11-21T02:06:47.584989+00:00,2025-11-21T02:06:47.584989+00:00,9447b474,COMPLETED
79,"Hail, Caesar!",Comedy,2016,2025-11-21T02:06:47.584989+00:00,2025-11-21T02:06:47.584989+00:00,5354332e,COMPLETED
80,Anywhere Anytime,Drama,2025,2025-11-21T02:06:47.584989+00:00,2025-11-21T02:06:47.584989+00:00,b4281139,COMPLETED
81,Ant-Man,Action,2015,2025-11-21T02:06:47.584989+00:00,2025-11-21T02:06:47.584989+00:00,5970cbba,COMPLETED
82,Silence,Drama,2016,2025-11-21T02:06:47.584989+00:00,2025-11-21T02:06:47.584989+00:00,3e82817d,COMPLETED
83,Suburbicon,Comedy,2017,2025-11-21T02:06:47.584989+00:00,2025-11-21T02:06:47.584989+00:00,f72645e5,COMPLETED
84,Tulip Fever,Drama,2017,2025-11-21T02:06:47.584989+00:00,2025-11-21T02:06:47.584989+00:00,fe04e012,COMPLETED
85,Nina,Biography,2016,2025-11-21T02:06:47.584989+00:00,2025-11-21T02:06:47.584989+00:00,a6287f1a,COMPLETED
86,CHIPS,Action,2017,2025-11-21T02:06:47.584989+00:00,2025-11-21T02:06:47.584989+00:00,8d200117,COMPLETED
87,Rings,Drama,2017,2025-11-21T02:06:47.584989+00:00,2025-11-21T02:06:47.584989+00:00,4a3605f6,COMPLETED
88,The Twits,Adventure,2025,2025-11-21T02:06:47.584989+00:00,2025-11-21T02:06:47.584989+00:00,7ab49b34,COMPLETED
89,Without Remorse,Action,2021,2025-11-21T02:06:47.584989+00:00,2025-11-21T02:06:47.584989+00:00,d0d608d4,COMPLETED
90,Moe,Comedy,2023,2025-11-21T02:06:47.584989+00:00,2025-11-21T02:06:47.584989+00:00,184167c4,COMPLETED
91,Have You Seen Me?,Comedy,2016,2025-11-21T02:06:47.584989+00:00,2025-11-21T02:06:47.584989+00:00,71450c13,COMPLETED
92,She's Out of His Mind,Comedy,2017,2025-11-21T02:06:47.584989+00:00,2025-11-21T02:06:47.584989+00:00,20fb3f7a,COMPLETED
93,Cell,Action,2016,2025-11-21T02:06:47.584989+00:00,2025-11-21T02:06:47.584989+00:00,132326a7,COMPLETED
94,American Surfrider,Unknown,2024,2025-11-21T02:06:47.584989+00:00,2025-11-21T02:06:47.584989+00:00,f94c8f66,COMPLETED
95,Vendetta,Horror,2022,2025-11-21T02:06:47.584989+00:00,2025-11-21T02:06:47.584989+00:00,18893f98,COMPLETED
96,The Last Full Measure,Drama,2019,2025-11-21T02:06:47.584989+00:00,2025-11-21T02:06:47.584989+00:00,bd3403e2,COMPLETED
97,"L'homme au bâton, une légende créole",Comedy,2024,2025-11-21T02:06:47.584989+00:00,2025-11-21T02:06:47.584989+00:00,28a23f2f,COMPLETED
98,The Man Who Knew Infinity,Biography,2015,2025-11-21T02:06:47.584989+00:00,2025-11-21T02:06:47.584989+00:00,a0b5f66b,COMPLETED
99,Miles Ahead,Biography,2015,2025-11-21T02:06:47.584989+00:00,2025-11-21T02:06:47.584989+00:00,f2c67768,COMPLETED
100,Enemigo,Drama,2019,2025-11-21T02:06:47.584989+00:00,2025-11-21T02:06:47.584989+00:00,72a5a306,COMPLETED
101,Red Sonja,Action,2025,2025-11-21T02:06:47.584989+00:00,2025-11-21T02:06:47.584989+00:00,8864e981,COMPLETED
102,The Dirt,Biography,2019,2025-11-21T02:06:47.584989+00:00,2025-11-21T02:06:47.584989+00:00,15dd0f8e,COMPLETED
103,Warcraft,Action,2016,2025-11-21T02:06:47.584989+00:00,2025-11-21T02:06:47.584989+00:00,5eef1bbe,COMPLETED
104,The Witches,Adventure,2020,2025-11-21T02:06:47.584989+00:00,2025-11-21T02:06:47.584989+00:00,5ef3ca49,COMPLETED
105,The Danish Girl,Biography,2015,2025-11-21T02:06:47.584989+00:00,2025-11-21T02:06:47.584989+00:00,b2bdfd80,COMPLETED
106,Dirt Music,Crime,2019,2025-11-21T02:06:47.584989+00:00,2025-11-21T02:06:47.584989+00:00,ae30473a,COMPLETED
107,Manhattan Minutiae,Comedy,2016,2025-11-21T02:06:47.584989+00:00,2025-11-21T02:06:47.584989+00:00,8a06cf82,COMPLETED
108,Maximum Ride,Action,2016,2025-11-21T02:06:47.584989+00:00,2025-11-21T02:06:47.584989+00:00,061ac994,COMPLETED
109,Caravaggio and My Mother the Pope,Comedy,2017,2025-11-21T02:06:47.584989+00:00,2025-11-21T02:06:47.584989+00:00,e2012ed0,COMPLETED
110,Krystal,Comedy,2017,2025-11-21T02:06:47.584989+00:00,2025-11-21T02:06:47.584989+00:00,2bb2b9ca,COMPLETED
111,Pee-wee's Big Holiday,Comedy,2016,2025-11-21T02:06:47.584989+00:00,2025-11-21T02:06:47.584989+00:00,d693b231,COMPLETED
112,Pet Sematary,Horror,2019,2025-11-21T02:06:47.584989+00:00,2025-11-21T02:06:47.584989+00:00,3573f73c,COMPLETED
113,Retreat!,Comedy,2016,2025-11-21T02:06:47.584989+00:00,2025-11-21T02:06:47.584989+00:00,7c25b463,COMPLETED
114,The Sighting,Horror,2016,2025-11-21T02:06:47.584989+00:00,2025-11-21T02:06:47.584989+00:00,e8be1f25,COMPLETED
115,Amsteroid,Sci-Fi,2018,2025-11-21T02:06:47.584989+00:00,2025-11-21T02:06:47.584989+00:00,8384cdfc,COMPLETED
116,Jackson Arms,Romance,2015,2025-11-21T02:06:47.584989+00:00,2025-11-21T02:06:47.584989+00:00,d5792756,COMPLETED
117,Bolden,Drama,2019,2025-11-21T02:06:47.584989+00:00,2025-11-21T02:06:47.584989+00:00,46cb2061,COMPLETED
118,Super Troopers 2,Comedy,2018,2025-11-21T02:06:47.584989+00:00,2025-11-21T02:06:47.584989+00:00,769a7b93,COMPLETED
119,Dukun,Crime,2018,2025-11-21T02:06:47.584989+00:00,2025-11-21T02:06:47.584989+00:00,ba8355c6,COMPLETED
120,Jungle Cruise,Action,2021,2025-11-21T02:06:47.584989+00:00,2025-11-21T02:06:47.584989+00:00,0d8c1803,COMPLETED
121,The Dot Man,Drama,2017,2025-11-21T02:06:47.584989+00:00,2025-11-21T02:06:47.584989+00:00,2f9af3f1,COMPLETED
122,Rain Falls from Earth: Surviving Cambodia's Darkest Hour,Documentary,2024,2025-11-21T02:06:47.584989+00:00,2025-11-21T02:06:47.584989+00:00,41d4d8bc,COMPLETED
123,The Wedding Ringer,Comedy,2015,2025-11-21T02:06:47.584989+00:00,2025-11-21T02:06:47.584989+00:00,d4d1d4c1,COMPLETED
124,Hellraiser,Horror,2022,2025-11-21T02:06:47.584989+00:00,2025-11-21T02:06:47.584989+00:00,32121e58,COMPLETED
125,RxCannabis: A Freedom Tale,Documentary,2018,2025-11-21T02:06:47.584989+00:00,2025-11-21T02:06:47.584989+00:00,1b56577e,COMPLETED
126,The Amateur,Action,2025,2025-11-21T02:06:47.584989+00:00,2025-11-21T02:06:47.584989+00:00,f0753499,COMPLETED
127,Invasion of the Not Quite Dead,Drama,2022,2025-11-21T02:06:47.584989+00:00,2025-11-21T02:06:47.584989+00:00,b3d36b0e,COMPLETED
128,The Unlikely's,Comedy,2016,2025-11-21T02:06:47.584989+00:00,2025-11-21T02:06:47.584989+00:00,8f54f616,COMPLETED
129,Gangster Kittens,Drama,2016,2025-11-21T02:06:47.584989+00:00,2025-11-21T02:06:47.584989+00:00,429e5fbf,COMPLETED
130,The Legend of Tarzan,Action,2016,2025-11-21T02:06:47.584989+00:00,2025-11-21T02:06:47.584989+00:00,d6ca0a15,COMPLETED
131,Lost Girls and Love Hotels,Drama,2020,2025-11-21T02:06:47.584989+00:00,2025-11-21T02:06:47.584989+00:00,69169c65,COMPLETED
132,Road to Red,Action,2018,2025-11-21T02:06:47.584989+00:00,2025-11-21T02:06:47.584989+00:00,8aa6cf26,COMPLETED
133,The Man in the Silo,Drama,2016,2025-11-21T02:06:47.584989+00:00,2025-11-21T02:06:47.584989+00:00,11dd898f,COMPLETED
134,Snapshot Wedding,Romance,2017,2025-11-21T02:06:47.584989+00:00,2025-11-21T02:06:47.584989+00:00,4a645dfc,COMPLETED
135,Joe Dick,Comedy,2017,2025-11-21T02:06:47.584989+00:00,2025-11-21T02:06:47.584989+00:00,fc8afd1b,COMPLETED
136,Back Roads,Crime,2018,2025-11-21T02:06:47.584989+00:00,2025-11-21T02:06:47.584989+00:00,474415c0,COMPLETED
137,Justice League,Action,2017,2025-11-21T02:06:47.584989+00:00,2025-11-21T02:06:47.584989+00:00,e0007ee5,COMPLETED
138,Chooriyan,Drama,2015,2025-11-21T02:06:47.584989+00:00,2025-11-21T02:06:47.584989+00:00,5aceb675,COMPLETED
139,Fantasy Island,Fantasy,2020,2025-11-21T02:06:47.584989+00:00,2025-11-21T02:06:47.584989+00:00,7040f237,COMPLETED
140,Army of the Dead,Action,2021,2025-11-21T02:06:47.584989+00:00,2025-11-21T02:06:47.584989+00:00,227b008d,COMPLETED
141,Mano destra,Horror,2017,2025-11-21T02:06:47.584989+00:00,2025-11-21T02:06:47.584989+00:00,b1191c17,COMPLETED
142,A Journal for Jordan,Drama,2021,2025-11-21T02:06:47.584989+00:00,2025-11-21T02:06:47.584989+00:00,f283d245,COMPLETED
143,Pele: Birth of a Legend,Biography,2016,2025-11-21T02:06:47.584989+00:00,2025-11-21T02:06:47.584989+00:00,9353eba1,COMPLETED
144,Mistero di un Impiegato,Drama,2019,2025-11-21T02:06:47.584989+00:00,2025-11-21T02:06:47.584989+00:00,700767d7,COMPLETED
145,Disrupted Land,Documentary,2019,2025-11-21T02:06:47.584989+00:00,2025-11-21T02:06:47.584989+00:00,0fc245b6,COMPLETED
146,Chalu Dya Tumcha,Unknown,2017,2025-11-21T02:06:47.584989+00:00,2025-11-21T02:06:47.584989+00:00,e3282d79,COMPLETED
147,Pattabhiraman,Drama,2019,2025-11-21T02:06:47.584989+00:00,2025-11-21T02:06:47.584989+00:00,90e00957,COMPLETED
148,The Rental,Drama,2020,2025-11-21T02:06:47.584989+00:00,2025-11-21T02:06:47.584989+00:00,55ebccbf,COMPLETED
149,Lusitanian Ghosts,Documentary,2018,2025-11-21T02:06:47.584989+00:00,2025-11-21T02:06:47.584989+00:00,6b86645f,COMPLETED
150,The Metamorphosis of Ismaila Ba,Drama,2020,2025-11-21T02:06:47.584989+00:00,2025-11-21T02:06:47.584989+00:00,ff480a30,COMPLETED
151,Celts,Drama,2021,2025-11-21T02:06:47.584989+00:00,2025-11-21T02:06:47.584989+00:00,d4b1a5de,COMPLETED
152,Moments of Resistance,Documentary,2019,2025-11-21T02:06:47.584989+00:00,2025-11-21T02:06:47.584989+00:00,c330116e,COMPLETED
153,Adalat,Drama,2019,2025-11-21T02:06:47.584989+00:00,2025-11-21T02:06:47.584989+00:00,e1022459,COMPLETED
154,Jadugar 2,Comedy,2019,2025-11-21T02:06:47.584989+00:00,2025-11-21T02:06:47.584989+00:00,96110454,COMPLETED
155,Fiddler: A Miracle of Miracles,Documentary,2019,2025-11-21T02:06:47.584989+00:00,2025-11-21T02:06:47.584989+00:00,272fb16e,COMPLETED
156,Child of Wisdom,Drama,2019,2025-11-21T02:06:47.584989+00:00,2025-11-21T02:06:47.584989+00:00,615a5915,COMPLETED
157,Seeds,Horror,2020,2025-11-21T02:06:47.584989+00:00,2025-11-21T02:06:47.584989+00:00,f3d84946,COMPLETED
158,Transe,Drama,2022,2025-11-21T02:06:47.584989+00:00,2025-11-21T02:06:47.584989+00:00,3a603275,COMPLETED
159,Ali the Blind Boxer,Drama,2019,2025-11-21T02:06:47.584989+00:00,2025-11-21T02:06:47.584989+00:00,66cf87fb,COMPLETED
160,Sacrifice,Horror,2020,2025-11-21T02:06:47.584989+00:00,2025-11-21T02:06:47.584989+00:00,f863ff77,COMPLETED
161,The Truth: Lost at Sea,Documentary,2017,2025-11-21T02:06:47.584989+00:00,2025-11-21T02:06:47.584989+00:00,61743536,COMPLETED
162,I Never Cry,Comedy,2020,2025-11-21T02:06:47.584989+00:00,2025-11-21T02:06:47.584989+00:00,8fcdf271,COMPLETED
163,Soccer in the City,Documentary,2019,2025-11-21T02:06:47.584989+00:00,2025-11-21T02:06:47.584989+00:00,74994e82,COMPLETED
164,When I Became a Butterfly,Drama,2018,2025-11-21T02:06:47.584989+00:00,2025-11-21T02:06:47.584989+00:00,2d3bd61d,COMPLETED
165,Paradise,Drama,2019,2025-11-21T02:06:47.584989+00:00,2025-11-21T02:06:47.584989+00:00,29088e98,COMPLETED
166,Neil,Comedy,2023,2025-11-21T02:06:47.584989+00:00,2025-11-21T02:06:47.584989+00:00,a76a932f,COMPLETED
167,Aporia,Action,2019,2025-11-21T02:06:47.584989+00:00,2025-11-21T02:06:47.584989+00:00,ce8ba255,COMPLETED
168,Alalá,Documentary,2016,2025-11-21T02:06:47.584989+00:00,2025-11-21T02:06:47.584989+00:00,f4ac01dd,COMPLETED
169,Down the River,Adventure,2018,2025-11-21T02:06:47.584989+00:00,2025-11-21T02:06:47.584989+00:00,a3ef67c7,COMPLETED
170,Where Is the Money..?,Action,2017,2025-11-21T02:06:47.584989+00:00,2025-11-21T02:06:47.584989+00:00,cfaf1314,COMPLETED
171,A Small Problem,Unknown,2023,2025-11-21T02:06:47.584989+00:00,2025-11-21T02:06:47.584989+00:00,73efbda8,COMPLETED
172,"In Their Own Words, Billy the Kid & The Lincoln County War",Drama,2019,2025-11-21T02:06:47.584989+00:00,2025-11-21T02:06:47.584989+00:00,07351a04,COMPLETED
173,Chinese Speaking Vampires,Action,2021,2025-11-21T02:06:47.584989+00:00,2025-11-21T02:06:47.584989+00:00,e3f338a5,COMPLETED
174,Dhuntaaraa,Family,2015,2025-11-21T02:06:47.584989+00:00,2025-11-21T02:06:47.584989+00:00,818b9e7c,COMPLETED
175,Aguanta,Drama,2022,2025-11-21T02:06:47.584989+00:00,2025-11-21T02:06:47.584989+00:00,3fc56237,COMPLETED
176,Barof 2019,Drama,2019,2025-11-21T02:06:47.584989+00:00,2025-11-21T02:06:47.584989+00:00,103e4b72,COMPLETED
177,A Christmas Prince: The Royal Baby,Family,2019,2025-11-21T02:06:47.584989+00:00,2025-11-21T02:06:47.584989+00:00,7afce08e,COMPLETED
178,La notte è piccola per noi,Drama,2016,2025-11-21T02:06:47.584989+00:00,2025-11-21T02:06:47.584989+00:00,5bae34a7,COMPLETED
179,Debout,Documentary,2019,2025-11-21T02:06:47.584989+00:00,2025-11-21T02:06:47.584989+00:00,413ea0b3,COMPLETED
180,Krishnam,Drama,2019,2025-11-21T02:06:47.584989+00:00,2025-11-21T02:06:47.584989+00:00,89283134,COMPLETED
181,Kala azar,Drama,2020,2025-11-21T02:06:47.584989+00:00,2025-11-21T02:06:47.584989+00:00,f54b0c6c,COMPLETED
182,Hunting Season,Comedy,2019,2025-11-21T02:06:47.584989+00:00,2025-11-21T02:06:47.584989+00:00,8af96033,COMPLETED
183,Feeling of revulsion,Documentary,2018,2025-11-21T02:06:47.584989+00:00,2025-11-21T02:06:47.584989+00:00,ee5df1c7,COMPLETED
184,He's My Daddy Too,Drama,2019,2025-11-21T02:06:47.584989+00:00,2025-11-21T02:06:47.584989+00:00,735cdbb9,COMPLETED
185,Weltweite Freundschaften,Documentary,2018,2025-11-21T02:06:47.584989+00:00,2025-11-21T02:06:47.584989+00:00,9dda00a4,COMPLETED
186,Mesto!,Drama,2019,2025-11-21T02:06:47.584989+00:00,2025-11-21T02:06:47.584989+00:00,372644fe,COMPLETED
187,Sifir: Etkisiz Eleman,Comedy,2019,2025-11-21T02:06:47.584989+00:00,2025-11-21T02:06:47.584989+00:00,ac5fe615,COMPLETED
188,On the Trail of Bigfoot,Documentary,2019,2025-11-21T02:06:47.584989+00:00,2025-11-21T02:06:47.584989+00:00,75f2357f,COMPLETED
189,Dangebaaz,Drama,2015,2025-11-21T02:06:47.584989+00:00,2025-11-21T02:06:47.584989+00:00,fc167f71,COMPLETED
190,Terror in the Skies,Documentary,2019,2025-11-21T02:06:47.584989+00:00,2025-11-21T02:06:47.584989+00:00,fb793ee9,COMPLETED
191,"In Our Blood - El Comienzo de Todo, Àlex Crivillé",Action,2019,2025-11-21T02:06:47.584989+00:00,2025-11-21T02:06:47.584989+00:00,336df3b2,COMPLETED
192,"In Our Blood - Sin Límite, Marc Márquez",Action,2019,2025-11-21T02:06:47.584989+00:00,2025-11-21T02:06:47.584989+00:00,5c152431,COMPLETED
193,Bull,Drama,2019,2025-11-21T02:06:47.584989+00:00,2025-11-21T02:06:47.584989+00:00,d21d7c10,COMPLETED
194,Troublemaker,Documentary,2019,2025-11-21T02:06:47.584989+00:00,2025-11-21T02:06:47.584989+00:00,afb5eda0,COMPLETED
195,Snatchers,Comedy,2019,2025-11-21T02:06:47.584989+00:00,2025-11-21T02:06:47.584989+00:00,2c6ca111,COMPLETED
196,Willie,Documentary,2019,2025-11-21T02:06:47.584989+00:00,2025-11-21T02:06:47.584989+00:00,8fb7b545,COMPLETED
197,Trouble Makers,Comedy,2019,2025-11-21T02:06:47.584989+00:00,2025-11-21T02:06:47.584989+00:00,f57f2ce2,COMPLETED
198,Family Obligations,Comedy,2019,2025-11-21T02:06:47.584989+00:00,2025-11-21T02:06:47.584989+00:00,fb98e972,COMPLETED
199,My Name Is Daniel,Documentary,2018,2025-11-21T02:06:47.584989+00:00,2025-11-21T02:06:47.584989+00:00,b27752af,COMPLETED
200,Maybe It's True What They Say About Us,Drama,2024,2025-11-21T02:06:47.584989+00:00,2025-11-21T02:06:47.584989+00:00,67929cab,COMPLETED
